Queries,Clicks,Impressions,CTR,Position,Time
treasure data,1447,3925,36.87%,1.4,1558978346
treasuredata,288,1415,20.35%,1.8,1558978346
cdp vs dmp,84,369,22.76%,2.3,1558978346
dmp vs cdp,65,153,42.48%,1.6,1558978346
treasure data careers,39,63,61.90%,1.0,1558978346
tresure data,31,170,18.24%,1.8,1558978346
cdp dmp,24,140,17.14%,4.7,1558978346
treasure data pricing,23,84,27.38%,1.4,1558978346
dmp cdp,23,89,25.84%,4.1,1558978346
s3 to elasticsearch,19,142,13.38%,6.9,1558978346
treasure data inc,17,50,34%,1.2,1558978346
google cloud storage,16,34091,0.05%,9.1,1558978346
tresuredata,14,199,7.04%,2.1,1558978346
tableau kafka,13,64,20.31%,2.0,1558978346
treasure data gdpr,13,22,59.09%,2.1,1558978346
data treasure,13,42,30.95%,1.1,1558978346
treasure data japan,12,21,57.14%,1.2,1558978346
treasuredata.com,12,52,23.08%,1.2,1558978346
difference between cdp and dmp,12,19,63.16%,1.2,1558978346
kafka to redshift,12,93,12.90%,3.9,1558978346
trasure data,12,41,29.27%,1.6,1558978346
data pipeline tools,12,140,8.57%,4.4,1558978346
kafka to s3,12,159,7.55%,8.4,1558978346
dmp,12,7563,0.16%,13.0,1558978346
data processing addendum template,11,86,12.79%,5.6,1558978346
treasure-data,10,43,23.26%,1.3,1558978346
android elasticsearch,10,66,15.15%,6.9,1558978346
treasure data jobs,9,19,47.37%,1.0,1558978346
mailchimp google tag manager,9,74,12.16%,3.6,1558978346
treasure data cdp,9,38,23.68%,3.3,1558978346
google storage,8,15432,0.05%,10.0,1558978346
treasuredata pricing,7,13,53.85%,1.2,1558978346
postgresql elasticsearch,7,102,6.86%,8.8,1558978346
postgres to elasticsearch,7,70,10%,8.8,1558978346
"treasure data, inc.",7,31,22.58%,1.5,1558978346
kafka to mysql,7,59,11.86%,9.9,1558978346
treasure data inc.,7,18,38.89%,1.5,1558978346
cdp and dmp,7,14,50%,1.0,1558978346
jupyter notebook mongodb,6,40,15%,4.8,1558978346
kafka tableau,6,33,18.18%,1.9,1558978346
treasured data,6,12,50%,1.0,1558978346
excel to elasticsearch,6,43,13.95%,7.5,1558978346
what is treasure data,6,20,30%,1.7,1558978346
cdp vs. dmp,5,32,15.62%,2.8,1558978346
salesforce tag manager,5,18,27.78%,1.5,1558978346
unity mongodb,5,85,5.88%,6.8,1558978346
elasticsearch postgres,5,95,5.26%,9.8,1558978346
zendesk tableau,5,56,8.93%,3.3,1558978346
treasure cdp,5,155,3.23%,7.9,1558978346
customer data platform,5,707,0.71%,16.0,1558978346
treasure data dmp,5,17,29.41%,5.1,1558978346
mixpanel tableau,5,19,26.32%,1.5,1558978346
postgresql to elasticsearch,5,55,9.09%,8.0,1558978346
tableau connect to ftp,5,19,26.32%,3.2,1558978346
dmp vs. cdp,5,13,38.46%,1.9,1558978346
redash excel,4,17,23.53%,3.4,1558978346
hive guide,4,43,9.30%,5.7,1558978346
google analytics to mysql,4,30,13.33%,6.9,1558978346
treasure data logo,4,34,11.76%,1.3,1558978346
elasticsearch postgres integration,4,26,15.38%,6.6,1558978346
kafka redshift,4,65,6.15%,4.4,1558978346
kafka s3,4,89,4.49%,7.7,1558978346
"""treasure data""",4,42,9.52%,1.0,1558978346
treasure data wiki,4,37,10.81%,1.1,1558978346
tableau zendesk,4,45,8.89%,3.6,1558978346
"treasure data, inc",4,12,33.33%,1.3,1558978346
s3 to kafka,4,49,8.16%,8.3,1558978346
shiseido case study,4,21,19.05%,5.0,1558978346
treasure,4,10577,0.04%,11.0,1558978346
tableau ftp,4,25,16%,2.3,1558978346
google analytics elasticsearch,4,25,16%,5.1,1558978346
elasticsearch postgresql,4,161,2.48%,8.6,1558978346
pentaho google drive,3,15,20%,3.1,1558978346
tableau sftp,3,24,12.50%,3.7,1558978346
data processing addendum,3,170,1.76%,30.0,1558978346
digdag vs airflow,3,27,11.11%,9.3,1558978346
shiseido case,3,10,30%,3.9,1558978346
elasticsearch csv import,3,3,100%,21.0,1558978346
salesforce kafka integration,3,25,12%,7.4,1558978346
elasticsearch excel,3,40,7.50%,8.5,1558978346
gartner peer insights,3,74,4.05%,18.0,1558978346
mailchimp tag manager,3,20,15%,4.5,1558978346
fluentd enterprise,3,20,15%,4.0,1558978346
azure data connector,3,26,11.54%,5.3,1558978346
jupyter excel,3,38,7.89%,5.1,1558978346
mailchimp mixpanel,3,12,25%,6.5,1558978346
redash csv,3,62,4.84%,6.3,1558978346
cdp treasure data,3,12,25%,3.1,1558978346
request trial,3,11,27.27%,6.5,1558978346
elasticsearch google analytics,3,21,14.29%,7.1,1558978346
elastic search android,3,35,8.57%,6.6,1558978346
treasuredata cdp,3,24,12.50%,2.1,1558978346
google tag manager salesforce,3,36,8.33%,4.1,1558978346
fluentd mysql,3,44,6.82%,11.0,1558978346
cdp data,3,172,1.74%,9.5,1558978346
salesforce google tag manager,3,21,14.29%,4.0,1558978346
cmp vs dmp,3,12,25%,6.1,1558978346
docker google drive,3,41,7.32%,7.3,1558978346
tableau mixpanel,2,19,10.53%,2.7,1558978346
can tableau connect to s3,2,14,14.29%,6.9,1558978346
kafka ftp,2,14,14.29%,5.6,1558978346
mobile game marketing case study,2,11,18.18%,10.0,1558978346
mysql webhook,2,18,11.11%,5.1,1558978346
mongodb to elasticsearch,2,6,33.33%,26.0,1558978346
datorama integrations,2,20,10%,7.7,1558978346
mongodb jupyter notebook,2,13,15.38%,5.1,1558978346
elasticsearch import data from postgresql,2,6,33.33%,18.0,1558978346
data company,2,279,0.72%,23.0,1558978346
salesforce kafka,2,53,3.77%,8.7,1558978346
looker s3,2,21,9.52%,6.1,1558978346
elasticsearch s3,2,29,6.90%,12.0,1558978346
s3 tableau,2,42,4.76%,5.7,1558978346
postgresql jupyter notebook,2,15,13.33%,9.0,1558978346
redash salesforce,2,34,5.88%,3.0,1558978346
pentaho s3,2,11,18.18%,7.8,1558978346
wish case study,2,3,66.67%,1.0,1558978346
import excel to elasticsearch,2,55,3.64%,8.1,1558978346
in.treasuredata.com,2,51,3.92%,2.5,1558978346
fluentd treasure data,2,10,20%,1.5,1558978346
treasure dmp,2,60,3.33%,18.0,1558978346
redash docker,2,212,0.94%,9.7,1558978346
gartner quadrant,2,373,0.54%,13.0,1558978346
aws s3 to elasticsearch,2,23,8.70%,9.6,1558978346
mongodb jupyter,2,10,20%,3.4,1558978346
google tag manager mailchimp,2,40,5%,3.2,1558978346
trasuredata,2,20,10%,1.8,1558978346
jupyter notebook excel,2,17,11.76%,10.0,1558978346
power bi connectors,2,293,0.68%,8.2,1558978346
apache kafka salesforce,2,13,15.38%,7.8,1558978346
grindr api,2,98,2.04%,8.3,1558978346
jupyter mysql,2,128,1.56%,6.9,1558978346
jupyter s3,2,31,6.45%,8.0,1558978346
bigquery to s3,2,32,6.25%,7.7,1558978346
tableau eloqua,2,32,6.25%,6.0,1558978346
ftp to kafka,2,4,50%,2.3,1558978346
salesforce marketing cloud tableau,2,8,25%,3.9,1558978346
wish ecommerce,2,114,1.75%,10.0,1558978346
jupyter notebook s3,2,34,5.88%,8.9,1558978346
unity ftp,2,30,6.67%,9.1,1558978346
treasure dat,2,7,28.57%,1.9,1558978346
salesforce big data integration,2,19,10.53%,6.9,1558978346
unity csv,2,15,13.33%,19.0,1558978346
jupyter mongodb,2,42,4.76%,3.8,1558978346
mailchimp gtm,2,13,15.38%,3.1,1558978346
mysql jupyter notebook,2,8,25%,7.5,1558978346
elasticsearch ios,2,34,5.88%,2.8,1558978346
wish.com,2,511,0.39%,37.0,1558978346
s3 to bigquery,2,57,3.51%,6.9,1558978346
aws s3 elasticsearch,2,4,50%,12.0,1558978346
eloqua google analytics integration,2,13,15.38%,2.5,1558978346
kafka to mongodb,2,40,5%,8.0,1558978346
treasure data fluentd,2,14,14.29%,1.4,1558978346
tableau s3,2,83,2.41%,7.5,1558978346
eloqua google analytics,2,18,11.11%,3.9,1558978346
qlikview docker,2,20,10%,4.0,1558978346
gartner magic quadrant,2,561,0.36%,22.0,1558978346
kafka with mongodb,2,20,10%,8.6,1558978346
google analytics mysql,2,13,15.38%,7.0,1558978346
google analytics marketo,1,4,25%,14.0,1558978346
kafka and mongodb,1,17,5.88%,9.0,1558978346
pandas postgresql,1,155,0.65%,8.5,1558978346
tresure,1,373,0.27%,12.0,1558978346
app annie insights,1,18,5.56%,6.9,1558978346
elasticsearch excel import,1,8,12.50%,9.0,1558978346
mobile games forum,1,17,5.88%,28.0,1558978346
data collection iot,1,1,100%,51.0,1558978346
zoomdata demo,1,2,50%,22.0,1558978346
s3 bigquery,1,39,2.56%,8.7,1558978346
connect excel to google analytics,1,1,100%,10.0,1558978346
postgres pandas,1,18,5.56%,8.6,1558978346
google drive storage,1,2714,0.04%,9.7,1558978346
salesforce marketing cloud sftp,1,19,5.26%,6.1,1558978346
best cdp,1,4,25%,11.0,1558978346
grindr data,1,7,14.29%,12.0,1558978346
adobe summit 2018,1,200,0.50%,8.7,1558978346
powerbi connector,1,16,6.25%,7.9,1558978346
rob glickman treasure data,1,14,7.14%,2.0,1558978346
pandas cheatsheet,1,58,1.72%,12.0,1558978346
data management platform open source,1,8,12.50%,57.0,1558978346
pentaho connectors,1,29,3.45%,6.1,1558978346
treasure care security company,1,32,3.12%,5.3,1558978346
traesure,1,18,5.56%,9.2,1558978346
data platform,1,535,0.19%,36.0,1558978346
mongo to s3,1,3,33.33%,8.3,1558978346
looker google analytics,1,39,2.56%,9.1,1558978346
open source customer data platform,1,14,7.14%,7.5,1558978346
treasure data revenue,1,12,8.33%,3.5,1558978346
elasticsearch and postgresql,1,13,7.69%,8.8,1558978346
difference between cdp and crm,1,22,4.55%,4.0,1558978346
mongo kafka,1,9,11.11%,9.7,1558978346
mongodb unity,1,51,1.96%,6.8,1558978346
marketing nation summit 2018,1,13,7.69%,16.0,1558978346
data jobs,1,138,0.72%,30.0,1558978346
salesforce cdp,1,39,2.56%,9.1,1558978346
digdag airflow,1,5,20%,4.8,1558978346
wish case,1,24,4.17%,7.1,1558978346
mobile gaming industry,1,62,1.61%,58.0,1558978346
elastic search ios,1,8,12.50%,5.0,1558978346
wish peter szulczewski,1,6,16.67%,18.0,1558978346
wish growth,1,11,9.09%,5.5,1558978346
adobe analytics salesforce integration,1,26,3.85%,8.2,1558978346
ftp to google sheets,1,10,10%,11.0,1558978346
elasticsearch with postgres,1,10,10%,8.6,1558978346
tresure cdp,1,4,25%,8.3,1558978346
aws data processing addendum pdf,1,44,2.27%,10.0,1558978346
tableau docker,1,158,0.63%,6.5,1558978346
fluentd s3,1,24,4.17%,11.0,1558978346
peter szulczewski,1,6,16.67%,31.0,1558978346
power bi data connectors,1,24,4.17%,8.7,1558978346
download google analytics data to sql table,1,11,9.09%,9.3,1558978346
google drive cloud,1,407,0.25%,9.7,1558978346
unity and mysql,1,1,100%,14.0,1558978346
one-to-one personalization,1,11,9.09%,4.4,1558978346
customer data platform vs dmp,1,9,11.11%,4.0,1558978346
domo bigquery,1,32,3.12%,4.8,1558978346
treasure data crunchbase,1,25,4%,6.8,1558978346
dashbid,1,446,0.22%,7.5,1558978346
google storage cloud,1,111,0.90%,20.0,1558978346
domo google analytics,1,23,4.35%,6.5,1558978346
eloqua webhooks,1,11,9.09%,6.3,1558978346
gaming data,1,41,2.44%,20.0,1558978346
treasure data address,1,11,9.09%,2.0,1558978346
mongodb salesforce,1,7,14.29%,11.0,1558978346
unity google cloud,1,18,5.56%,8.4,1558978346
elasticsearch webhook,1,31,3.23%,6.5,1558978346
"we maintain information about our customers, such as their name, address, telephone number, and email address. our customers are the",1,2,50%,2.5,1558978346
treasuredata login,1,10,10%,3.8,1558978346
customer data,1,751,0.13%,34.0,1558978346
storage,1,197,0.51%,9.6,1558978346
data management platform wikipedia,1,3,33.33%,13.0,1558978346
salesforce data connector,1,36,2.78%,6.7,1558978346
salesforce to redshift,1,58,1.72%,9.7,1558978346
gartner dmsa,1,9,11.11%,3.7,1558978346
gartner,1,583,0.17%,50.0,1558978346
qlikview aws,1,11,9.09%,31.0,1558978346
mysql to kafka,1,10,10%,12.0,1558978346
kafka mongo,1,16,6.25%,9.6,1558978346
power bi?,1,1,100%,51.0,1558978346
cloud google drive,1,265,0.38%,9.3,1558978346
data processing addendum とは,1,22,4.55%,8.5,1558978346
pandas to postgres,1,9,11.11%,10.0,1558978346
redash mongodb,1,56,1.79%,8.3,1558978346
power bi connector,1,131,0.76%,8.3,1558978346
kafka salesforce,1,44,2.27%,8.6,1558978346
qlik docker,1,28,3.57%,6.5,1558978346
data processing addendum deutsch,1,23,4.35%,9.7,1558978346
treasure inc,1,8,12.50%,17.0,1558978346
data pipelines,1,276,0.36%,21.0,1558978346
gartner data governance magic quadrant,1,7,14.29%,30.0,1558978346
pentaho kafka,1,37,2.70%,8.9,1558978346
adjust analytics,1,13,7.69%,7.1,1558978346
game case study,1,7,14.29%,7.3,1558978346
mongodb to mysql,1,13,7.69%,19.0,1558978346
connecting tableau to aws,1,1,100%,17.0,1558978346
mongodb and kafka,1,5,20%,9.0,1558978346
adjust data,1,38,2.63%,2.3,1558978346
excel elasticsearch,1,33,3.03%,8.7,1558978346
google online storage,1,265,0.38%,19.0,1558978346
wish facebook,1,317,0.32%,6.7,1558978346
jupyter notebook mysql,1,89,1.12%,8.2,1558978346
google drive como ftp,1,1,100%,18.0,1558978346
elasticsearch with postgresql,1,27,3.70%,8.6,1558978346
adwords adobe analytics,1,9,11.11%,5.8,1558978346
treasureddata,1,24,4.17%,1.6,1558978346
wish app,1,541,0.18%,23.0,1558978346
pentaho google analytics,1,17,5.88%,9.0,1558978346
treasure data mountain view,1,16,6.25%,1.2,1558978346
kafka salesforce connector,1,43,2.33%,8.1,1558978346
data management คือ,1,1,100%,19.0,1558978346
data pipeline as a service,1,12,8.33%,10.0,1558978346
azure connector,1,69,1.45%,9.7,1558978346
wish.com revenue,1,1,100%,14.0,1558978346
jupyter notebook postgres,1,4,25%,8.5,1558978346
open source data pipeline,1,24,4.17%,7.8,1558978346
google cloud store,1,254,0.39%,19.0,1558978346
digdag bigquery,1,2,50%,30.0,1558978346
kafka facebook,1,4,25%,11.0,1558978346
s3 webhooks,1,21,4.76%,7.2,1558978346
gartner magic quadrant adalah,1,3,33.33%,12.0,1558978346
mongodb to kafka,1,7,14.29%,10.0,1558978346
looker webhooks,1,14,7.14%,9.6,1558978346
treasure it,1,4,25%,15.0,1558978346
elasticsearch to postgresql,1,14,7.14%,8.6,1558978346
iot analytics platform,1,9,11.11%,32.0,1558978346
tableau facebook ads connector,1,7,14.29%,5.4,1558978346
data pipeline tool,1,59,1.69%,7.4,1558978346
data vr uses,1,1,100%,11.0,1558978346
app annie,1,524,0.19%,30.0,1558978346
power bi source data,1,3,33.33%,8.0,1558978346
tableau experts,1,3,33.33%,41.0,1558978346
cdp,1,681,0.15%,38.0,1558978346
postgresql ftp,1,16,6.25%,4.5,1558978346
wish app revenue,1,2,50%,13.0,1558978346
cdp customer data platform,1,32,3.12%,9.8,1558978346
study wish,1,10,10%,3.8,1558978346
s3 elasticsearch,1,27,3.70%,11.0,1558978346
docker pentaho,1,7,14.29%,10.0,1558978346
elasticsearch android,1,83,1.20%,6.7,1558978346
sales analytics solutions,1,3,33.33%,50.0,1558978346
hql cheat sheet,1,3,33.33%,9.3,1558978346
outpost games,1,21,4.76%,23.0,1558978346
javascript jdbc,1,19,5.26%,10.0,1558978346
cloud gaming free trial,1,27,3.70%,37.0,1558978346
treasure mobile,1,7,14.29%,8.4,1558978346
python omniture,1,23,4.35%,9.0,1558978346
dan weirich,1,21,4.76%,4.1,1558978346
mongodb elasticsearch,1,34,2.94%,29.0,1558978346
treasuredate,1,9,11.11%,2.1,1558978346
what is google cloud account,1,8,12.50%,8.3,1558978346
datatreasure,1,3,33.33%,1.0,1558978346
amazon s3 full text search,1,10,10%,12.0,1558978346
kafka mongodb,1,92,1.09%,8.7,1558978346
power bi data connector,1,23,4.35%,7.2,1558978346
segment salesforce,1,35,2.86%,9.7,1558978346
marketo google analytics,1,10,10%,18.0,1558978346
domo mysql,1,17,5.88%,4.4,1558978346
mongodb s3,1,11,9.09%,9.7,1558978346
salesforce data analytics,1,49,2.04%,15.0,1558978346
"""customer data platform""",1,5,20%,15.0,1558978346
redash mysql,1,28,3.57%,9.5,1558978346
data-stripe,1,6,16.67%,15.0,1558978346
ftp to google drive,1,110,0.91%,16.0,1558978346
power bi custom connectors,1,15,6.67%,10.0,1558978346
elasticsearch on s3,1,9,11.11%,9.6,1558978346
dataplatform,1,18,5.56%,10.0,1558978346
mixpanel redshift,1,46,2.17%,5.0,1558978346
treasuredata gdpr,1,2,50%,2.0,1558978346
fluentd redshift,1,12,8.33%,4.6,1558978346
postgres and elasticsearch,1,13,7.69%,9.0,1558978346
customer data platform gartner,1,11,9.09%,12.0,1558978346
salesforce gtm,1,17,5.88%,5.8,1558978346
cdp adtech,1,5,20%,7.6,1558978346
sfdc crm,0,5,0%,92.0,1558978346
stripe.com,0,1,0%,90.0,1558978346
jupyterhub google cloud,0,1,0%,23.0,1558978346
acquire wish,0,4,0%,8.0,1558978346
queries google analytics,0,1,0%,71.0,1558978346
google cloud platform jupyter notebook,0,1,0%,48.0,1558978346
appsflyer attribution window,0,1,0%,38.0,1558978346
cdp data platform,0,4,0%,10.0,1558978346
опенсорс,0,3,0%,93.0,1558978346
aws workflow,0,1,0%,99.0,1558978346
campaign orchestration,0,8,0%,91.0,1558978346
netflix data platform,0,1,0%,56.0,1558978346
integration?,0,4,0%,57.0,1558978346
zendesk salesforce,0,153,0%,48.0,1558978346
facebook cross device reporting,0,1,0%,160.0,1558978346
be data,0,1,0%,10.0,1558978346
hubspot crm user guide,0,1,0%,94.0,1558978346
muji customer service,0,4,0%,14.0,1558978346
customer data integration,0,108,0%,140.0,1558978346
kafka time series,0,1,0%,88.0,1558978346
トレジャーデータ とは,0,7,0%,10.0,1558978346
marketing attribution solution,0,2,0%,100.0,1558978346
amazon reshift,0,2,0%,92.0,1558978346
sheshido,0,6,0%,67.0,1558978346
omni channel analytics,0,131,0%,37.0,1558978346
management solutions for,0,5,0%,68.0,1558978346
gree symbol,0,1,0%,1.0,1558978346
www.wish.com transaction,0,2,0%,39.0,1558978346
amazon s3 ftp client,0,24,0%,51.0,1558978346
mobile game,0,22,0%,74.0,1558978346
mobile analytics dashboard,0,1,0%,97.0,1558978346
zendesk copenhagen,0,1,0%,37.0,1558978346
salesforce connect to ftp server,0,3,0%,15.0,1558978346
gdpr japan,0,2,0%,27.0,1558978346
"""digital marketing news"" ""recommendation""",0,1,0%,9.0,1558978346
onemarketing,0,3,0%,31.0,1558978346
img,0,1,0%,4.0,1558978346
splunk customer list,0,1,0%,28.0,1558978346
mailchimp analytics,0,1,0%,74.0,1558978346
the game developers conference,0,5,0%,19.0,1558978346
aws shared security model,0,1,0%,78.0,1558978346
company cloud storage,0,8,0%,60.0,1558978346
data quality magic quadrant,0,1,0%,66.0,1558978346
connector игра,0,1,0%,87.0,1558978346
salesforce and tableau,0,1,0%,39.0,1558978346
data games,0,20,0%,49.0,1558978346
eloqua software,0,4,0%,77.0,1558978346
what is mobile analytics,0,11,0%,54.0,1558978346
gartner data integration magic quadrant 2018,0,13,0%,4.8,1558978346
aws s3 integration,0,13,0%,170.0,1558978346
omniture help,0,3,0%,78.0,1558978346
google cloud data warehouse,0,1,0%,48.0,1558978346
kubernetes certified service provider,0,3,0%,16.0,1558978346
kafka db,0,1,0%,68.0,1558978346
why is it called cloud storage,0,2,0%,63.0,1558978346
ad data hub,0,1,0%,62.0,1558978346
data management and analytics,0,7,0%,97.0,1558978346
grindr customer service,0,1,0%,20.0,1558978346
dmsa gartner,0,3,0%,1.7,1558978346
gcs cloud,0,1,0%,3.0,1558978346
treasure opportunity,0,1,0%,9.0,1558978346
what is unity engine,0,2,0%,74.0,1558978346
wish zip code,0,2,0%,20.0,1558978346
product data management open source,0,1,0%,99.0,1558978346
looker analytics pricing,0,1,0%,77.0,1558978346
google object storage,0,1,0%,12.0,1558978346
bizreport,0,1,0%,160.0,1558978346
use google drive as ftp server,0,1,0%,54.0,1558978346
cloudstorage google,0,14,0%,12.0,1558978346
the cloud google,0,15,0%,46.0,1558978346
tableu,0,2,0%,55.0,1558978346
google normal,0,1,0%,36.0,1558978346
appsflyer offices,0,1,0%,60.0,1558978346
continuous cloud data integrations,0,23,0%,28.0,1558978346
csv mysql,0,4,0%,59.0,1558978346
wish market,0,1,0%,94.0,1558978346
container in qlikview,0,1,0%,17.0,1558978346
data *,0,1,0%,5.0,1558978346
how much is salesforce marketing cloud,0,15,0%,89.0,1558978346
customer data platform gartner magic quadrant,0,21,0%,6.1,1558978346
video game companies,0,3,0%,54.0,1558978346
grindr user,0,1,0%,81.0,1558978346
apsalar attribution,0,3,0%,22.0,1558978346
tableau push notifications,0,1,0%,29.0,1558978346
adobe 2018 summit,0,1,0%,13.0,1558978346
mailchimp custom integration,0,1,0%,97.0,1558978346
treasure pdf,0,1,0%,100.0,1558978346
postgres integration,0,20,0%,130.0,1558978346
zendesk analytics,0,8,0%,76.0,1558978346
annie app,0,10,0%,32.0,1558978346
kafka,0,28,0%,86.0,1558978346
why azure,0,1,0%,91.0,1558978346
tableau in aws,0,1,0%,77.0,1558978346
power b i,0,3,0%,82.0,1558978346
facebook ads audience,0,1,0%,85.0,1558978346
cloud backup login,0,1,0%,4.0,1558978346
site data,0,2,0%,98.0,1558978346
how does wish app work,0,4,0%,45.0,1558978346
bi em bi,0,1,0%,9.0,1558978346
google cloud storage use cases,0,1,0%,26.0,1558978346
muji online,0,28,0%,35.0,1558978346
marketing automation white paper,0,3,0%,39.0,1558978346
datorama connectors,0,6,0%,7.8,1558978346
mobile gaming case study,0,21,0%,42.0,1558978346
adobe marketing cloud integration,0,2,0%,39.0,1558978346
how to import data into salesforce from excel,0,2,0%,79.0,1558978346
adwords custom audiences,0,1,0%,38.0,1558978346
dpa data processing,0,3,0%,10.0,1558978346
mail chimp email,0,3,0%,220.0,1558978346
subaru advertisement,0,1,0%,96.0,1558978346
multi touch attribution marketing,0,2,0%,27.0,1558978346
does google have cloud storage,0,1,0%,72.0,1558978346
jupyter bigquery,0,57,0%,19.0,1558978346
amazon rds mongodb,0,2,0%,52.0,1558978346
wish on facebook,0,4,0%,10.0,1558978346
salesforce amazon integration,0,3,0%,92.0,1558978346
google analytics mobile,0,1,0%,96.0,1558978346
open source search server,0,2,0%,90.0,1558978346
source open source,0,2,0%,81.0,1558978346
data service as a service,0,1,0%,48.0,1558978346
amplitude salesforce integration,0,2,0%,4.0,1558978346
moving from ftp to sftp,0,2,0%,88.0,1558978346
no game data on top level,0,1,0%,61.0,1558978346
azure data insights,0,1,0%,20.0,1558978346
widh.com,0,1,0%,53.0,1558978346
ipg trading desk,0,1,0%,99.0,1558978346
for data security,0,6,0%,97.0,1558978346
data contact,0,1,0%,4.0,1558978346
advertising data analytics,0,7,0%,33.0,1558978346
google drive integration salesforce,0,13,0%,44.0,1558978346
looker data platform,0,1,0%,48.0,1558978346
salesforce analytics integration,0,27,0%,69.0,1558978346
mixpanel analytics,0,27,0%,75.0,1558978346
real time dashboard power bi,0,1,0%,59.0,1558978346
data analytics png,0,1,0%,35.0,1558978346
bi reporting tool selection criteria,0,26,0%,81.0,1558978346
dpa eu,0,1,0%,76.0,1558978346
about wish shopping,0,1,0%,37.0,1558978346
zendesk redshift,0,34,0%,9.4,1558978346
wish app logo,0,18,0%,7.0,1558978346
google audience insights,0,3,0%,93.0,1558978346
workflow management platform,0,57,0%,140.0,1558978346
shiseido target market,0,4,0%,11.0,1558978346
cloud sftp,0,1,0%,99.0,1558978346
martech 2018,0,10,0%,79.0,1558978346
ad hoc reporting in tableau,0,2,0%,59.0,1558978346
poweerbi,0,1,0%,65.0,1558978346
customer data view,0,9,0%,43.0,1558978346
tableau salesforce,0,48,0%,42.0,1558978346
hadoop big data wiki,0,11,0%,89.0,1558978346
adobe summit facebook,0,1,0%,30.0,1558978346
subways hiring,0,2,0%,35.0,1558978346
eloqua engage salesforce,0,1,0%,16.0,1558978346
fluentd security,0,2,0%,10.0,1558978346
difference between pos and crm,0,1,0%,84.0,1558978346
treasure chief,0,1,0%,20.0,1558978346
tresre,0,2,0%,11.0,1558978346
salesforce marketing cloud logo,0,3,0%,1.0,1558978346
muji buy online,0,2,0%,27.0,1558978346
our upcoming events,0,1,0%,88.0,1558978346
google tradute,0,1,0%,5.0,1558978346
all data service,0,1,0%,93.0,1558978346
domo marketing dashboard,0,1,0%,45.0,1558978346
jaspersoft price,0,1,0%,88.0,1558978346
jupyter android,0,3,0%,17.0,1558978346
customer success hubspot,0,12,0%,84.0,1558978346
game self service,0,1,0%,71.0,1558978346
tokyo careers,0,1,0%,32.0,1558978346
gartner magic quadrant integration,0,1,0%,98.0,1558978346
localytics.com,0,1,0%,89.0,1558978346
wish app contact,0,1,0%,99.0,1558978346
omniture for beginners,0,3,0%,26.0,1558978346
data warehouse in the cloud,0,11,0%,49.0,1558978346
adobe marketing cloud omniture,0,3,0%,27.0,1558978346
mixpanel contact,0,1,0%,42.0,1558978346
qlikview import csv,0,6,0%,8.8,1558978346
ftp server search engine,0,1,0%,66.0,1558978346
mixpanel cost,0,11,0%,85.0,1558978346
how does wish shopping work,0,1,0%,61.0,1558978346
with google analytics strategies,0,2,0%,170.0,1558978346
the treasure yours,0,1,0%,35.0,1558978346
web collect marketing cloud,0,1,0%,34.0,1558978346
gtm corporation,0,1,0%,47.0,1558978346
facebook custom audience terms of service,0,1,0%,58.0,1558978346
customer database analysis,0,6,0%,69.0,1558978346
mixpanel data dashboard,0,8,0%,14.0,1558978346
private marketing cloud,0,10,0%,40.0,1558978346
google drive salesforce,0,4,0%,43.0,1558978346
number for wish app,0,1,0%,75.0,1558978346
app boy,0,47,0%,38.0,1558978346
gree,0,200,0%,67.0,1558978346
wish.nl,0,2,0%,41.0,1558978346
dmp treasure data,0,10,0%,5.3,1558978346
a storage,0,1,0%,6.0,1558978346
qlikview dashboard demo,0,1,0%,72.0,1558978346
tokyo treasure,0,1,0%,84.0,1558978346
wish experience,0,6,0%,9.0,1558978346
docker salesforce,0,2,0%,15.0,1558978346
adwords behavioral targeting,0,2,0%,91.0,1558978346
jupyter postgres,0,40,0%,7.9,1558978346
splunk filter,0,2,0%,30.0,1558978346
open source cdp,0,3,0%,8.3,1558978346
career data,0,2,0%,89.0,1558978346
better roi,0,1,0%,84.0,1558978346
game on company,0,2,0%,10.0,1558978346
google drive for team,0,1,0%,160.0,1558978346
gartner vendor management magic quadrant,0,5,0%,51.0,1558978346
domo metrics,0,1,0%,10.0,1558978346
using hubspot crm,0,3,0%,85.0,1558978346
qlickview,0,2,0%,160.0,1558978346
hubspot terms of service,0,6,0%,68.0,1558978346
treasure and co,0,1,0%,9.0,1558978346
google analytics/web,0,1,0%,89.0,1558978346
g ree,0,1,0%,10.0,1558978346
treasure.,0,10,0%,9.2,1558978346
google drive ftp server,0,4,0%,36.0,1558978346
my power bi,0,1,0%,59.0,1558978346
cloud and accounts,0,1,0%,12.0,1558978346
data analytics magic quadrant,0,1,0%,43.0,1558978346
csv to mysql,0,51,0%,45.0,1558978346
mongodb json,0,1,0%,83.0,1558978346
google analytics csv,0,2,0%,19.0,1558978346
google's cloud storage,0,10,0%,20.0,1558978346
c.d.p.,0,1,0%,44.0,1558978346
eata logo,0,1,0%,10.0,1558978346
cloud storage.com,0,1,0%,11.0,1558978346
cdp security,0,21,0%,13.0,1558978346
world's largest gaming companies,0,1,0%,29.0,1558978346
how does dmp work,0,3,0%,86.0,1558978346
ftp file search,0,1,0%,74.0,1558978346
panda mysql,0,2,0%,9.0,1558978346
tableau app,0,3,0%,73.0,1558978346
cloud data service,0,10,0%,79.0,1558978346
live syndicated data streams,0,6,0%,82.0,1558978346
overcoming the challenges,0,10,0%,130.0,1558978346
game engine unity,0,6,0%,71.0,1558978346
excel to tableau,0,3,0%,18.0,1558978346
data inc,0,5,0%,77.0,1558978346
data from google analytics,0,1,0%,20.0,1558978346
multi-touch marketing,0,4,0%,50.0,1558978346
difference between data and,0,6,0%,150.0,1558978346
livebusiness,0,1,0%,74.0,1558978346
marketo mailchimp,0,13,0%,6.8,1558978346
google drive protocol,0,1,0%,26.0,1558978346
aws reinvent,0,109,0%,40.0,1558978346
wish.ocm,0,1,0%,56.0,1558978346
aws mailchimp,0,1,0%,25.0,1558978346
mobile game companies list,0,2,0%,34.0,1558978346
enterprise customer view,0,58,0%,69.0,1558978346
micxpanel,0,1,0%,54.0,1558978346
cdp icon,0,5,0%,1.0,1558978346
lean data salesforce,0,1,0%,54.0,1558978346
data management solutions inc,0,1,0%,100.0,1558978346
treasuer,0,2,0%,9.5,1558978346
facebook salesforce integration,0,1,0%,65.0,1558978346
cloud storage for google,0,6,0%,26.0,1558978346
jasper soft,0,9,0%,69.0,1558978346
customer information security,0,37,0%,190.0,1558978346
use data from,0,1,0%,200.0,1558978346
mongodb connector for bi,0,2,0%,81.0,1558978346
open source data storage,0,3,0%,47.0,1558978346
salesforce marketing cloud reporting,0,1,0%,23.0,1558978346
customer data sources,0,2,0%,55.0,1558978346
sap market,0,2,0%,92.0,1558978346
salesforce marketing cloud video,0,1,0%,87.0,1558978346
pentajo,0,1,0%,57.0,1558978346
treachure,0,3,0%,12.0,1558978346
marketing cloud in salesforce,0,16,0%,42.0,1558978346
keenio,0,5,0%,28.0,1558978346
bi data,0,153,0%,54.0,1558978346
warehousing structured data google cloud,0,1,0%,65.0,1558978346
the app wish,0,5,0%,30.0,1558978346
"gartner, inc.",0,1,0%,100.0,1558978346
wiki wish.com,0,1,0%,55.0,1558978346
that game company,0,1,0%,85.0,1558978346
subaru customer loyalty,0,3,0%,27.0,1558978346
storage in the cloud,0,3,0%,71.0,1558978346
annie apps,0,2,0%,30.0,1558978346
google analytics download data,0,3,0%,34.0,1558978346
data warehouse gartner magic quadrant 2018,0,2,0%,6.5,1558978346
mailchimp tracking code,0,5,0%,60.0,1558978346
google cloud storage connector,0,1,0%,22.0,1558978346
c d p,0,18,0%,79.0,1558978346
hubspot workflow recipes,0,2,0%,51.0,1558978346
postgres convert,0,2,0%,63.0,1558978346
google storagw,0,14,0%,8.5,1558978346
what is retailing marketing,0,1,0%,87.0,1558978346
how many gaming companies are there,0,1,0%,80.0,1558978346
magic quadrent,0,2,0%,24.0,1558978346
shiesado,0,1,0%,80.0,1558978346
axa fortune 500,0,1,0%,81.0,1558978346
fluury,0,1,0%,69.0,1558978346
wishcase,0,11,0%,6.7,1558978346
window azure,0,1,0%,84.0,1558978346
learn azure,0,1,0%,82.0,1558978346
domo tableau,0,1,0%,81.0,1558978346
x-bee,0,1,0%,78.0,1558978346
треасуре,0,1,0%,8.0,1558978346
appannie logo,0,2,0%,26.0,1558978346
adam ronthal,0,1,0%,35.0,1558978346
analytics solutions,0,2,0%,96.0,1558978346
data cloud icon,0,1,0%,89.0,1558978346
android transform,0,2,0%,93.0,1558978346
qlikview saas,0,32,0%,88.0,1558978346
ftp ftp-data,0,2,0%,28.0,1558978346
data warehouse,0,18,0%,140.0,1558978346
successful mobile games,0,1,0%,52.0,1558978346
eloqua tracking code,0,2,0%,13.0,1558978346
domo bi,0,29,0%,77.0,1558978346
power bi all,0,14,0%,13.0,1558978346
power bi+,0,1,0%,62.0,1558978346
qlikview real time data,0,10,0%,7.7,1558978346
tableau data analytics,0,15,0%,45.0,1558978346
とレジャーデータ,0,2,0%,3.0,1558978346
marketing data science platform,0,2,0%,78.0,1558978346
unity s3,0,1,0%,17.0,1558978346
best mobile company,0,3,0%,87.0,1558978346
teradata docker,0,1,0%,39.0,1558978346
have gartner,0,2,0%,180.0,1558978346
redshift integration,0,27,0%,95.0,1558978346
facebook ad retargeting,0,2,0%,97.0,1558978346
wish\,0,2,0%,58.0,1558978346
about upcoming events,0,1,0%,69.0,1558978346
raw data in data warehouse,0,1,0%,100.0,1558978346
facebook custom audiences help,0,3,0%,80.0,1558978346
program domo,0,1,0%,87.0,1558978346
best dmp platforms,0,14,0%,58.0,1558978346
shesido,0,8,0%,75.0,1558978346
open source big data solutions,0,2,0%,190.0,1558978346
whats cdp,0,2,0%,63.0,1558978346
aws s3 mongodb,0,8,0%,7.3,1558978346
omniture real time,0,2,0%,90.0,1558978346
tableau custom portal,0,1,0%,70.0,1558978346
aplitude,0,1,0%,81.0,1558978346
nazanin,0,4,0%,60.0,1558978346
subaru growth,0,1,0%,19.0,1558978346
enterprise customer management,0,24,0%,110.0,1558978346
source data,0,10,0%,67.0,1558978346
storage for,0,1,0%,11.0,1558978346
salesforce wave,0,6,0%,84.0,1558978346
wish.com facebook,0,2,0%,17.0,1558978346
jupyter input,0,1,0%,62.0,1558978346
localytics,0,186,0%,79.0,1558978346
mixpanel vs intercom,0,1,0%,88.0,1558978346
integratio,0,1,0%,76.0,1558978346
i-o data,0,1,0%,92.0,1558978346
branding and strategy,0,2,0%,280.0,1558978346
next customer,0,1,0%,18.0,1558978346
amazon web services mongodb,0,2,0%,47.0,1558978346
google could storage,0,21,0%,10.0,1558978346
muji passport app,0,11,0%,11.0,1558978346
mongo to redshift,0,10,0%,8.1,1558978346
magic quadrant for data warehouse,0,5,0%,30.0,1558978346
marketing for retail,0,4,0%,98.0,1558978346
treasure each other,0,6,0%,7.5,1558978346
data management platform companies,0,53,0%,89.0,1558978346
about wish company,0,1,0%,22.0,1558978346
bi connectors,0,4,0%,10.0,1558978346
kapost.com,0,1,0%,50.0,1558978346
google.com storage,0,6,0%,5.5,1558978346
simple cloud storage,0,6,0%,61.0,1558978346
pandas cohort analysis,0,1,0%,22.0,1558978346
google data warehouse,0,1,0%,80.0,1558978346
connect.data.com,0,2,0%,34.0,1558978346
ca 94043 united states,0,1,0%,8.0,1558978346
stripe acquisition,0,1,0%,46.0,1558978346
treasure data sql,0,1,0%,12.0,1558978346
enterprise png,0,1,0%,70.0,1558978346
facebook ads data,0,9,0%,8.9,1558978346
gree logo,0,28,0%,14.0,1558978346
w.i.s.h,0,2,0%,74.0,1558978346
multi touch attribution models,0,82,0%,63.0,1558978346
pandas fromcsv,0,1,0%,10.0,1558978346
azure glossary,0,1,0%,66.0,1558978346
trsure,0,1,0%,12.0,1558978346
big data 제품,0,1,0%,99.0,1558978346
elasticsearch tableau,0,18,0%,33.0,1558978346
kafka aws,0,7,0%,75.0,1558978346
kafka to file,0,1,0%,27.0,1558978346
pebble open source,0,1,0%,10.0,1558978346
power bi data limits,0,3,0%,76.0,1558978346
sales pipeline analytics,0,33,0%,72.0,1558978346
stripe crm,0,1,0%,34.0,1558978346
customer introduction,0,1,0%,58.0,1558978346
mysql mailchimp integrations,0,27,0%,50.0,1558978346
mongodb to logstash,0,1,0%,18.0,1558978346
s3 mysql,0,6,0%,10.0,1558978346
connect direct vs sftp,0,1,0%,71.0,1558978346
google custom audience,0,2,0%,60.0,1558978346
omniture log in,0,3,0%,69.0,1558978346
game developers conference,0,67,0%,73.0,1558978346
wish shopping app,0,12,0%,42.0,1558978346
tableau data,0,44,0%,43.0,1558978346
salesforce elasticsearch,0,14,0%,11.0,1558978346
google sotrage,0,21,0%,18.0,1558978346
gdpr permission passing,0,3,0%,37.0,1558978346
cross platform cloud storage,0,31,0%,46.0,1558978346
tableau logo,0,51,0%,10.0,1558978346
shopping apps similar to wish,0,1,0%,87.0,1558978346
excel data connector,0,1,0%,10.0,1558978346
customer platform,0,10,0%,53.0,1558978346
open source data integration software,0,1,0%,83.0,1558978346
use service,0,1,0%,5.0,1558978346
data visualization power bi,0,1,0%,61.0,1558978346
brand shiseido,0,1,0%,10.0,1558978346
google cloud storage bucket,0,1,0%,12.0,1558978346
facebook ads,0,2,0%,88.0,1558978346
jupyter-open-source,0,1,0%,95.0,1558978346
mixpanel salesforce,0,52,0%,7.4,1558978346
google cloud storage types,0,2,0%,12.0,1558978346
digital payment,0,6,0%,96.0,1558978346
difference between adtech and martech,0,1,0%,61.0,1558978346
aws geocoding,0,1,0%,99.0,1558978346
google doubleclick logo,0,1,0%,1.0,1558978346
amazon aws iso 27001,0,1,0%,93.0,1558978346
customer database definition,0,3,0%,84.0,1558978346
data criteria,0,2,0%,90.0,1558978346
google analytics connector,0,2,0%,14.0,1558978346
marketo and eloqua,0,2,0%,17.0,1558978346
data for the,0,3,0%,150.0,1558978346
gdpr cheatsheet,0,3,0%,56.0,1558978346
looker mobile app,0,42,0%,38.0,1558978346
google customer data platform,0,7,0%,8.0,1558978346
maintain customer database,0,1,0%,67.0,1558978346
www.wish.com contact number,0,1,0%,55.0,1558978346
open source bi dashboard,0,2,0%,99.0,1558978346
what is cloud data storage,0,2,0%,92.0,1558978346
treasure co ltd,0,4,0%,43.0,1558978346
cpd careers,0,1,0%,9.0,1558978346
marketo adwords,0,3,0%,24.0,1558978346
platform datorama,0,1,0%,55.0,1558978346
hostelworld chile,0,1,0%,79.0,1558978346
data crm,0,5,0%,75.0,1558978346
transform android,0,1,0%,43.0,1558978346
integrtion,0,2,0%,43.0,1558978346
into grindr,0,2,0%,41.0,1558978346
retail data management,0,1,0%,72.0,1558978346
amplitude pricing,0,2,0%,48.0,1558978346
httpswww martechadvisor com,0,1,0%,73.0,1558978346
tableau server usage reports,0,1,0%,49.0,1558978346
data about the,0,1,0%,40.0,1558978346
wish com reviews,0,2,0%,180.0,1558978346
treaaure,0,3,0%,12.0,1558978346
live database,0,1,0%,86.0,1558978346
treausre,0,14,0%,14.0,1558978346
google cloud backup storage,0,1,0%,12.0,1558978346
store on cloud,0,19,0%,19.0,1558978346
salesforce unity,0,5,0%,16.0,1558978346
google drive move,0,1,0%,75.0,1558978346
googl storage,0,12,0%,13.0,1558978346
app annie downloads,0,1,0%,35.0,1558978346
rooted treasure,0,2,0%,78.0,1558978346
sql glossary,0,2,0%,76.0,1558978346
mountain view job openings,0,1,0%,48.0,1558978346
schiseido,0,1,0%,70.0,1558978346
web analytics dashboard hubspot,0,1,0%,93.0,1558978346
mongodb bi,0,2,0%,89.0,1558978346
use of wish,0,1,0%,72.0,1558978346
sales in business,0,1,0%,36.0,1558978346
hubspot to salesforce,0,1,0%,72.0,1558978346
google big query,0,1,0%,94.0,1558978346
game developer conference,0,34,0%,50.0,1558978346
big data logos,0,1,0%,32.0,1558978346
google coud storage,0,12,0%,8.8,1558978346
poweer bi,0,1,0%,66.0,1558978346
shopify bigquery,0,2,0%,71.0,1558978346
open data japan,0,1,0%,25.0,1558978346
markiting,0,3,0%,71.0,1558978346
crunchbase enterprise pricing,0,2,0%,20.0,1558978346
data warehouse cloud solutions,0,5,0%,68.0,1558978346
mobile game company logo,0,1,0%,82.0,1558978346
gartner magic quadrant big data,0,7,0%,58.0,1558978346
kip james,0,8,0%,22.0,1558978346
elasticsearch to s3,0,5,0%,11.0,1558978346
sales force marketing cloud,0,6,0%,37.0,1558978346
how google cloud works,0,1,0%,89.0,1558978346
muji store,0,8,0%,79.0,1558978346
qlik nprinting,0,1,0%,98.0,1558978346
s3 zoom,0,1,0%,68.0,1558978346
customer data management tools,0,9,0%,62.0,1558978346
security data company,0,1,0%,48.0,1558978346
"""security""",0,1,0%,49.0,1558978346
"omniture,",0,2,0%,66.0,1558978346
td analytics,0,1,0%,30.0,1558978346
iot data,0,1,0%,97.0,1558978346
datorama logo,0,2,0%,23.0,1558978346
qlikview logo,0,3,0%,88.0,1558978346
pay treasure,0,2,0%,7.0,1558978346
uses of wish,0,1,0%,20.0,1558978346
data dmp,0,10,0%,8.7,1558978346
cloud based ftp,0,25,0%,86.0,1558978346
peerinsight,0,1,0%,260.0,1558978346
cloud website,0,1,0%,4.0,1558978346
mobile top game,0,1,0%,7.0,1558978346
data stripe,0,6,0%,22.0,1558978346
hubspot dashboard,0,6,0%,50.0,1558978346
kochava facebook,0,15,0%,9.3,1558978346
tableau file,0,3,0%,27.0,1558978346
iqms,0,1,0%,28.0,1558978346
digital advertising,0,11,0%,33.0,1558978346
explosion entertainment,0,2,0%,20.0,1558978346
grindr crashing,0,1,0%,50.0,1558978346
salesforce wave logo,0,1,0%,70.0,1558978346
transforming data with intelligence,0,1,0%,110.0,1558978346
pioneer inc automotive products,0,2,0%,55.0,1558978346
dmp technical support phone number,0,1,0%,22.0,1558978346
tableau mid,0,1,0%,75.0,1558978346
analytics data services,0,1,0%,70.0,1558978346
marketo demo,0,2,0%,79.0,1558978346
data is are,0,1,0%,48.0,1558978346
pandas visualize data,0,1,0%,77.0,1558978346
google tag manager logo,0,230,0%,1.0,1558978346
what is a data platform,0,52,0%,16.0,1558978346
data warehouse analytics,0,1,0%,230.0,1558978346
what is hubspot sales,0,1,0%,95.0,1558978346
game developers san francisco,0,1,0%,56.0,1558978346
hubspot intercom,0,1,0%,98.0,1558978346
google cloud backup,0,3,0%,41.0,1558978346
muji online store,0,18,0%,27.0,1558978346
power bi change data,0,1,0%,10.0,1558978346
google cloud storage unity,0,6,0%,4.3,1558978346
how does wish work,0,3,0%,56.0,1558978346
javascript move,0,2,0%,96.0,1558978346
google analytics api real time visitors,0,7,0%,45.0,1558978346
google drive ftp доступ,0,1,0%,26.0,1558978346
know your customer checklist,0,8,0%,190.0,1558978346
mongodb today,0,1,0%,38.0,1558978346
mobile experience company,0,1,0%,75.0,1558978346
gartner gartner,0,4,0%,7.3,1558978346
chartio careers,0,3,0%,19.0,1558978346
how dmp works,0,2,0%,81.0,1558978346
appsflyer pricing,0,1,0%,65.0,1558978346
big objects salesforce,0,1,0%,41.0,1558978346
looker salesforce,0,3,0%,20.0,1558978346
domo analytics,0,14,0%,33.0,1558978346
app annie careers,0,4,0%,43.0,1558978346
email automation mailchimp,0,1,0%,99.0,1558978346
wish website,0,2,0%,36.0,1558978346
customer workflow,0,6,0%,66.0,1558978346
csv to tableau,0,8,0%,9.4,1558978346
data and more,0,1,0%,120.0,1558978346
norikra,0,2,0%,69.0,1558978346
elasticsearch personalized search,0,1,0%,48.0,1558978346
google cloud storage blob,0,1,0%,12.0,1558978346
ftp ios,0,1,0%,35.0,1558978346
power bi custom connector,0,27,0%,9.9,1558978346
data kk,0,1,0%,9.0,1558978346
apps wie wish,0,3,0%,47.0,1558978346
gartner big data 2018,0,1,0%,85.0,1558978346
data mining mysql,0,1,0%,85.0,1558978346
eloquoa,0,1,0%,99.0,1558978346
googel cloud storage,0,22,0%,9.1,1558978346
gaming developers conference,0,2,0%,20.0,1558978346
wtish,0,2,0%,66.0,1558978346
advertising campaign case study pdf,0,1,0%,89.0,1558978346
shishido,0,3,0%,78.0,1558978346
cloud,0,5,0%,3.2,1558978346
splunk fluentd,0,6,0%,9.8,1558978346
treasusre,0,1,0%,13.0,1558978346
google analytics solutions marketing analytics,0,6,0%,49.0,1558978346
google google storage,0,12,0%,15.0,1558978346
bit treasure,0,1,0%,9.0,1558978346
open source workflow manager,0,12,0%,47.0,1558978346
custom audience adwords,0,1,0%,93.0,1558978346
data. com,0,1,0%,17.0,1558978346
request off sheets,0,1,0%,55.0,1558978346
cdp データ,0,11,0%,68.0,1558978346
analytics magic quadrant,0,1,0%,36.0,1558978346
muji passport,0,15,0%,29.0,1558978346
bi and you,0,1,0%,71.0,1558978346
data services platform,0,5,0%,20.0,1558978346
download our free ebook,0,1,0%,130.0,1558978346
qlikview app,0,1,0%,49.0,1558978346
keen io vs mixpanel,0,1,0%,48.0,1558978346
tableau server pricing,0,1,0%,93.0,1558978346
appsflyer sdk android,0,2,0%,66.0,1558978346
mongodb pentaho,0,2,0%,14.0,1558978346
one six solutions,0,1,0%,74.0,1558978346
google tag manager integrations,0,1,0%,34.0,1558978346
term of use,0,11,0%,9.6,1558978346
what open source software opensource,0,1,0%,170.0,1558978346
marketing cloud ftp,0,59,0%,6.5,1558978346
analytics as a service,0,1,0%,310.0,1558978346
dentsu data services,0,2,0%,12.0,1558978346
salesforce marketing cloud features,0,1,0%,86.0,1558978346
treasure stack,0,1,0%,10.0,1558978346
top platform games,0,1,0%,63.0,1558978346
segment hubspot,0,1,0%,45.0,1558978346
salesforce aws s3 integration,0,2,0%,28.0,1558978346
data protection addendum template,0,1,0%,9.0,1558978346
csv file tableau,0,1,0%,32.0,1558978346
adwords android,0,3,0%,49.0,1558978346
nba created,0,1,0%,55.0,1558978346
cloud storage google,0,569,0%,15.0,1558978346
tableau bi tool,0,1,0%,98.0,1558978346
customer loyalty program analysis,0,1,0%,97.0,1558978346
big data startups,0,64,0%,71.0,1558978346
us data management,0,9,0%,57.0,1558978346
analytics app,0,6,0%,160.0,1558978346
adjust the mobile,0,5,0%,24.0,1558978346
treaasure,0,3,0%,8.3,1558978346
tableau data server,0,7,0%,27.0,1558978346
apache tableau,0,2,0%,36.0,1558978346
mobile app data,0,3,0%,42.0,1558978346
data management plattform anbieter,0,1,0%,94.0,1558978346
unity for data visualization,0,1,0%,100.0,1558978346
real time ecommerce,0,2,0%,64.0,1558978346
data.com wiki,0,2,0%,10.0,1558978346
bigquery sdk,0,1,0%,38.0,1558978346
jupyter notebook google,0,1,0%,48.0,1558978346
security point of view,0,1,0%,79.0,1558978346
tos platform download,0,1,0%,100.0,1558978346
www.big-data.com,0,1,0%,31.0,1558978346
cncf,0,1,0%,92.0,1558978346
wish framework,0,3,0%,9.0,1558978346
cloud database platform,0,1,0%,95.0,1558978346
google cloud integration,0,38,0%,150.0,1558978346
data management in cloud,0,2,0%,88.0,1558978346
what is data explosion,0,4,0%,58.0,1558978346
magic quadrant gartner,0,155,0%,14.0,1558978346
move large data sets into s3,0,1,0%,41.0,1558978346
database dealtime decision,0,8,0%,69.0,1558978346
tag manager unity,0,2,0%,47.0,1558978346
cloud warehousing,0,1,0%,55.0,1558978346
jobs mountain view ca,0,2,0%,93.0,1558978346
company data,0,118,0%,97.0,1558978346
power bi reporting tool,0,1,0%,56.0,1558978346
redash elasticsearch query,0,2,0%,23.0,1558978346
salesforce integration with google drive,0,1,0%,43.0,1558978346
dmp open source,0,3,0%,22.0,1558978346
zuora rest api,0,1,0%,84.0,1558978346
top mobile games companies,0,1,0%,21.0,1558978346
come on dj play that song,0,1,0%,91.0,1558978346
data warehouse access,0,1,0%,140.0,1558978346
track explosion,0,1,0%,72.0,1558978346
flexible data management,0,2,0%,49.0,1558978346
teradata open source,0,12,0%,29.0,1558978346
more and more games,0,1,0%,37.0,1558978346
cdp glassdoor,0,2,0%,10.0,1558978346
data terms glossary,0,3,0%,13.0,1558978346
salesforce service cloud for dummies,0,1,0%,45.0,1558978346
salesforce javascript,0,4,0%,32.0,1558978346
shieseido,0,1,0%,96.0,1558978346
adobe cdp,0,10,0%,11.0,1558978346
pentaho vs qlikview,0,1,0%,92.0,1558978346
pymongo csv,0,1,0%,19.0,1558978346
enterprise customers,0,1,0%,67.0,1558978346
reshift logo,0,1,0%,1.0,1558978346
unity game,0,6,0%,84.0,1558978346
retail analytics use cases,0,11,0%,24.0,1558978346
mongodb business intelligence,0,3,0%,57.0,1558978346
big data case study pdf,0,1,0%,80.0,1558978346
appsflyer vs,0,3,0%,36.0,1558978346
localitics,0,4,0%,76.0,1558978346
docker capability,0,1,0%,61.0,1558978346
google unity,0,1,0%,39.0,1558978346
amazon xbee,0,3,0%,10.0,1558978346
1st 2nd 3rd party data,0,1,0%,92.0,1558978346
real time customer data,0,30,0%,63.0,1558978346
unityengine www,0,1,0%,49.0,1558978346
grow vs domo,0,1,0%,45.0,1558978346
tableau on premise,0,2,0%,32.0,1558978346
shiseido wiki,0,1,0%,45.0,1558978346
google collaboration jupyter,0,1,0%,48.0,1558978346
company tfgames,0,1,0%,8.0,1558978346
big data open source security llc,0,5,0%,53.0,1558978346
tableau for ios,0,2,0%,10.0,1558978346
