id,name,age,email,date,mytime
1,Nicholas Wheeler,43,kristenadams@castillo.com,2015-12-24,21:37:37
2,Shawn Gould DDS,93,xerickson@hotmail.com,2015-05-25,04:50:50
3,Robert Gonzalez,23,howardtony@rodriguez-hebert.com,2015-04-11,12:35:23
4,Henry Bradford,42,tracy54@hotmail.com,2016-02-15,09:42:57
5,Tammy Morgan,9,diana27@stevens.com,2017-08-20,15:56:46
1,Kenneth Hunter,90,elizabeth17@norton-massey.org,2016-10-24,03:00:45
2,David Sims,77,phickman@morrow.com,2015-08-12,23:53:03
3,Leslie Baldwin,94,richard37@yahoo.com,2015-04-07,02:34:07
4,Anthony Thomas,32,stacyterry@hotmail.com,2015-12-12,10:12:46
5,Samantha Rodriguez,50,ssharp@hotmail.com,2017-06-21,10:47:45
