id	name	email	age	date	mytime
1.0	Sara Mcintosh	benjaminthomas@patel-garcia.com	12.0	2015-05-16 00:00:00.000	00:13:29
2.0	Amy White	drakeamanda@nguyen-hester.info	55.0	2016-01-18 00:00:00.000	14:54:43
3.0	Eric Brennan	andrewjordan@fuller.com	89.0	2017-06-22 00:00:00.000	19:24:20
4.0	Dana Williams	qlewis@warner-morgan.info	41.0	2016-05-08 00:00:00.000	12:31:17
5.0	Casey Harrison	leahbruce@hotmail.com	64.0	2016-10-29 00:00:00.000	06:52:54
1.0	Steven Nelson	qsmith@hotmail.com	69.0	2016-07-22 00:00:00.000	04:06:34
2.0	Sean Ramirez	xlee@yahoo.com	98.0	2017-10-27 00:00:00.000	18:08:06
3.0	William Rogers	stonemichael@campbell-novak.net	7.0	2017-06-23 00:00:00.000	07:40:45
4.0	David Martinez	ricealyssa@leblanc.net	92.0	2017-01-19 00:00:00.000	19:04:09
5.0	Sarah Henderson	connie53@humphrey-simmons.com	66.0	2016-03-22 00:00:00.000	12:00:51
